create a route/api for student_classes
fetching {
    student data
    class data
    instructor data
    grade data
} and  nomalizing {
    grade data if json format
}
recalculating {
    grade data based on the scores using the existing grade computations for grades
}
rendering {
    student_classes.html with the fetched and processed data
}

use this table for matched fieldnames. 
MariaDB [e_class_record]> show tables;
+---------------------------------+
| Tables_in_e_class_record        |
+---------------------------------+
| assessments_backup              |
| class_grading_categories_backup |
| class_grading_components_backup |
| class_grading_templates_backup  |
| classes                         |
| grade_assessments               |
| grade_categories                |
| grade_snapshots                 |
| grade_structure_history         |
| grade_structures                |
| grade_subcategories             |
| grading_categories_backup       |
| grading_templates_backup        |
| instructors                     |
| personal_info                   |
| released_grades                 |
| student_classes                 |
| student_grades                  |
| student_scores                  |
| students                        |
| users                           |
+---------------------------------+
21 rows in set (0.002 sec)

MariaDB [e_class_record]> SELECT * FROM classes LIMIT 6;
+----+---------------+------------+------+----------+--------+----------------------+-------------+---------+--------------+--------------------------------------+-----------+---------------------+---------------------+---------------------+
| id | instructor_id | class_type | year | semester | course | subject              | track       | section | schedule     | class_code                           | join_code | grading_template_id | created_at          | updated_at          |
+----+---------------+------------+------+----------+--------+----------------------+-------------+---------+--------------+--------------------------------------+-----------+---------------------+---------------------+---------------------+
|  1 |             1 | MAJOR      | 2024 | 1st sem  | BSIT   | Intro To Programming | Programming | 1A      | M-W-F 8-10AM | 59fd9305-477b-4ba4-a912-4691caf62b39 | 008448    |                NULL | 2025-11-16 18:38:36 | 2025-11-16 18:38:36 |
+----+---------------+------------+------+----------+--------+----------------------+-------------+---------+--------------+--------------------------------------+-----------+---------------------+---------------------+---------------------+
1 row in set (0.000 sec)

MariaDB [e_class_record]> SELECT * FROM grade_assessments LIMIT 6;
+----+----------------+-----------------+--------+-----------+---------------+----------+-------------+---------------------+
| id | subcategory_id | name            | weight | max_score | passing_score | position | description | created_at          |
+----+----------------+-----------------+--------+-----------+---------------+----------+-------------+---------------------+
|  3 |              1 | Participation 4 |   NULL |       100 |          NULL |        1 | NULL        | 2025-11-18 21:19:01 |
|  4 |              2 | Assessment 1    |   NULL |       100 |          NULL |        1 | NULL        | 2025-11-18 22:41:26 |
|  5 |              3 | Assessment 1    |   NULL |       100 |          NULL |        1 | NULL        | 2025-11-18 22:41:30 |
+----+----------------+-----------------+--------+-----------+---------------+----------+-------------+---------------------+
3 rows in set (0.000 sec)

MariaDB [e_class_record]> SELECT * FROM grade_categories LIMIT 6;
+----+--------------+------------+--------+----------+-------------+---------------------+
| id | structure_id | name       | weight | position | description | created_at          |
+----+--------------+------------+--------+----------+-------------+---------------------+
|  1 |            1 | LABORATORY |    100 |        1 | NULL        | 2025-11-18 20:57:01 |
+----+--------------+------------+--------+----------+-------------+---------------------+
1 row in set (0.000 sec)

MariaDB [e_class_record]> SELECT * FROM grade_snapshots LIMIT 6;
+----+----------+---------+--------+---------------------------------------------------------------------------------------------------------------------------------------------------------------------------------------------------------------------------------------------------------------------------------------------------------------------------------------------------------------------------------------------------------------------------------------------------------------------------------------------------------------------------------------------------------------------------------------------------------------------------------------------------------------------------------------------------------------------------------------------------------------------------------------------------------------------------------------------------------------------------------------------------------------------------------------------------------------------------------------------------------------------------------------------------------------------------------------------------------------------------------------------------------------------------------------------------------------------------------------------------------------------------------------------------------------------------------------------------------------------------------------------------------------------------------------------------------------------------------------------------------------------------------------------------------------------------------------------------------------------------------------------------------------------------------------------------------------------------------------------------------------------------------------------------------------------------------------------------------------------------+------------+---------------------+---------------------+
| id | class_id | version | status | snapshot_json                                                                                                                                                                                                                                                                                                                                                                                                                                                                                                                                                                                                                                                                                                                                                                                                                                                                                                                                                                                                                                                    | created_by | created_at          | released_at         |
+----+----------+---------+--------+---------------------------------------------------------------------------------------------------------------------------------------------------------------------------------------------------------------------------------------------------------------------------------------------------------------------------------------------------------------------------------------------------------------------------------------------------------------------------------------------------------------------------------------------------------------------------------------------------------------------------------------------------------------------------------------------------------------------------------------------------------------------------------------------------------------------------------------------------------------------------------------------------------------------------------------------------------------------------------------------------------------------------------------------------------------------------------------------------------------------------------------------------------------------------------------------------------------------------------------------------------------------------------------------------------------------------------------------------------------------------------------------------------------------------------------------------------------------------------------------------------------------------------------------------------------------------------------------------------------------------------------------------------------------------------------------------------------------------------------------------------------------------------------------------------------------------------------------------------------------------+------------+---------------------+---------------------+
|  1 |        1 |       1 | final  | {"meta": {"class_id": 1, "structure_version": null, "saved_at": "2025-11-18T14:47:07.468035Z"}, "assessments": [{"id": 3, "name": "Participation 4", "max_score": 100.0, "category": "LABORATORY", "subcategory": "LAB PARTICIPATION", "subweight": 10.0}, {"id": 4, "name": "Assessment 1", "max_score": 100.0, "category": "LABORATORY", "subcategory": "LAB HOMEWORK", "subweight": 10.0}, {"id": 5, "name": "Assessment 1", "max_score": 100.0, "category": "LABORATORY", "subcategory": "LAB EXERCISE", "subweight": 80.0}], "students": [{"student_id": 2, "scores": [{"assessment_id": 3, "score": 100.0}], "computed": {"category_totals": {"LABORATORY": {"LAB PARTICIPATION": 100.0, "LAB HOMEWORK": 0.0, "LAB EXERCISE": 0.0}}, "weighted_totals": {"LABORATORY": {"LAB PARTICIPATION": 10.0, "LAB HOMEWORK": 0.0, "LAB EXERCISE": 0.0}}, "category_ratings": {"LABORATORY": 10.0}, "overall_percentage": 4.0, "final_grade": 40.0, "letter_grade": "5.00", "remarks": null}}, {"student_id": 11, "scores": [{"assessment_id": 3, "score": 5.0}], "computed": {"category_totals": {"LABORATORY": {"LAB PARTICIPATION": 5.0, "LAB HOMEWORK": 0.0, "LAB EXERCISE": 0.0}}, "weighted_totals": {"LABORATORY": {"LAB PARTICIPATION": 0.5, "LAB HOMEWORK": 0.0, "LAB EXERCISE": 0.0}}, "category_ratings": {"LABORATORY": 0.5}, "overall_percentage": 0.2, "final_grade": 37.62, "letter_grade": "5.00", "remarks": null}}, {"student_id": 19, "scores": [{"assessment_id": 3, "score": 1.0}], "computed": {"category_totals": {"LABORATORY": {"LAB PARTICIPATION": 1.0, "LAB HOMEWORK": 0.0, "LAB EXERCISE": 0.0}}, "weighted_totals": {"LABORATORY": {"LAB PARTICIPATION": 0.1, "LAB HOMEWORK": 0.0, "LAB EXERCISE": 0.0}}, "category_ratings": {"LABORATORY": 0.1}, "overall_percentage": 0.04, "final_grade": 37.52, "letter_grade": "5.00", "remarks": null}}]} |          2 | 2025-11-18 22:47:07 | 2025-11-19 00:14:30 |
+----+----------+---------+--------+---------------------------------------------------------------------------------------------------------------------------------------------------------------------------------------------------------------------------------------------------------------------------------------------------------------------------------------------------------------------------------------------------------------------------------------------------------------------------------------------------------------------------------------------------------------------------------------------------------------------------------------------------------------------------------------------------------------------------------------------------------------------------------------------------------------------------------------------------------------------------------------------------------------------------------------------------------------------------------------------------------------------------------------------------------------------------------------------------------------------------------------------------------------------------------------------------------------------------------------------------------------------------------------------------------------------------------------------------------------------------------------------------------------------------------------------------------------------------------------------------------------------------------------------------------------------------------------------------------------------------------------------------------------------------------------------------------------------------------------------------------------------------------------------------------------------------------------------------------------------------+------------+---------------------+---------------------+
1 row in set (0.000 sec)

MariaDB [e_class_record]> SELECT * FROM grade_structure_history LIMIT 6;
Empty set (0.000 sec)

MariaDB [e_class_record]> SELECT * FROM grade_structures LIMIT 6;
+----+----------+----------------+-----------------------------------------------------------------------------------------------------------------------------------------------------------------------------------------------------------------------+------------+---------------------+---------------------+-----------+---------+
| id | class_id | structure_name | structure_json                                                                                                                                                                                                        | created_by | created_at          | updated_at          | is_active | version |
+----+----------+----------------+-----------------------------------------------------------------------------------------------------------------------------------------------------------------------------------------------------------------------+------------+---------------------+---------------------+-----------+---------+
|  1 |        1 | TESTINGS       | {"LABORATORY": [{"name": "LAB PARTICIPATION", "weight": 10, "assessments": []}, {"name": "LAB HOMEWORK", "weight": 10, "assessments": []}, {"name": "LAB EXERCISE", "weight": 80, "assessments": []}], "LECTURE": []} |          1 | 2025-11-18 20:48:32 | 2025-11-18 20:48:32 |         1 |       1 |
+----+----------+----------------+-----------------------------------------------------------------------------------------------------------------------------------------------------------------------------------------------------------------------+------------+---------------------+---------------------+-----------+---------+
1 row in set (0.000 sec)

MariaDB [e_class_record]> SELECT * FROM grade_subcategories LIMIT 6;
+----+-------------+-------------------+--------+-----------+---------------+----------+-------------+---------------------+
| id | category_id | name              | weight | max_score | passing_score | position | description | created_at          |
+----+-------------+-------------------+--------+-----------+---------------+----------+-------------+---------------------+
|  1 |           1 | LAB PARTICIPATION |     10 |         0 |          NULL |        1 | NULL        | 2025-11-18 20:57:01 |
|  2 |           1 | LAB HOMEWORK      |     10 |         0 |          NULL |        2 | NULL        | 2025-11-18 20:57:01 |
|  3 |           1 | LAB EXERCISE      |     80 |         0 |          NULL |        3 | NULL        | 2025-11-18 20:57:01 |
+----+-------------+-------------------+--------+-----------+---------------+----------+-------------+---------------------+
3 rows in set (0.000 sec)

MariaDB [e_class_record]> SELECT * FROM instructors LIMIT 6;
+----+---------+------------------+------------------------+----------------+-------------+-----------+--------+---------------------+---------------------+
| id | user_id | personal_info_id | department             | specialization | employee_id | hire_date | status | created_at          | updated_at          |
+----+---------+------------------+------------------------+----------------+-------------+-----------+--------+---------------------+---------------------+
|  1 |       2 |                1 | Information Technology | NETWORK        | INS-007     | NULL      | active | 2025-11-16 18:34:41 | 2025-11-16 18:34:41 |
|  2 |       3 |                2 | English                | NULL           | INS-009     | NULL      | active | 2025-11-16 18:37:27 | 2025-11-16 18:37:27 |
+----+---------+------------------+------------------------+----------------+-------------+-----------+--------+---------------------+---------------------+
2 rows in set (0.000 sec)

MariaDB [e_class_record]> SELECT * FROM personal_info LIMIT 6;
+----+-------------+-----------+-------------+----------------------------------+-------------+---------+------------+--------+------------------------+-------------------------+---------------------+---------------------+
| id | first_name  | last_name | middle_name | email                            | phone       | address | birth_date | gender | emergency_contact_name | emergency_contact_phone | created_at          | updated_at          |
+----+-------------+-----------+-------------+----------------------------------+-------------+---------+------------+--------+------------------------+-------------------------+---------------------+---------------------+
|  1 | Frederick   | Madayag   | NULL        | frederick.madayag_cyn@isu.edu.ph | 09277102690 | NULL    | 1999-03-03 | Male   | sdfdghfg               | 09277102690             | 2025-11-16 18:34:41 | 2025-11-16 18:34:41 |
|  2 | AKOooooooo\ | DOEEE     | NULL        | joan@gmail.com                   | 0982354238  | NULL    | 2000-02-03 | Male   | AKOooooooo             | 092222254               | 2025-11-16 18:37:27 | 2025-11-16 18:37:27 |
|  3 | Juan        | Dela Cruz | Santos      | juan.delacruz@isu.edu.ph         | 09171234561 | NULL    | 2004-05-15 | Male   | Maria Dela Cruz        | 09179876543             | 2025-11-18 20:54:05 | 2025-11-18 20:54:05 |
|  4 | Maria       | Garcia    | Reyes       | maria.garcia@isu.edu.ph          | 09171234562 | NULL    | 2005-08-22 | Female | Jose Garcia            | 09179876544             | 2025-11-18 20:54:05 | 2025-11-18 20:54:05 |
|  5 | Jose        | Reyes     | Lim         | jose.reyes@isu.edu.ph            | 09171234563 | NULL    | 2004-11-30 | Male   | Ana Reyes              | 09179876545             | 2025-11-18 20:54:05 | 2025-11-18 20:54:05 |
|  6 | Anna        | Santos    | Tan         | anna.santos@isu.edu.ph           | 09171234564 | NULL    | 2005-03-18 | Female | Pedro Santos           | 09179876546             | 2025-11-18 20:54:05 | 2025-11-18 20:54:05 |
+----+-------------+-----------+-------------+----------------------------------+-------------+---------+------------+--------+------------------------+-------------------------+---------------------+---------------------+
6 rows in set (0.000 sec)

MariaDB [e_class_record]> SELECT * FROM released_grades LIMIT 6;
+----+----------+-------------+------------+-------------------+-------------------------+-------------+------------+--------------------+----------+-----------------------------------------------------------------------------------------------------------------------------------------------------------------------------------------------------------------------------------------------------------------------------------------------------------------------------------------------------------------------------------------------------------------------------------------------------------------------------------+-------------+---------------------+---------------------+---------------------+
| id | class_id | snapshot_id | student_id | student_school_id | student_name            | final_grade | equivalent | overall_percentage | status   | grade_payload                                                                                                                                                                                                                                                                                                                                                                                                                                                                     | released_by | released_at         | created_at          | updated_at          |
+----+----------+-------------+------------+-------------------+-------------------------+-------------+------------+--------------------+----------+-----------------------------------------------------------------------------------------------------------------------------------------------------------------------------------------------------------------------------------------------------------------------------------------------------------------------------------------------------------------------------------------------------------------------------------------------------------------------------------+-------------+---------------------+---------------------+---------------------+
|  1 |        1 |           1 |         11 | 20240011          | Thomas, Noah Tan        |       37.62 | 5.00       |              0.200 | released | {"student_id": 11, "scores": [{"assessment_id": 3, "score": 5.0}], "final_grade": 37.62, "equivalent": "5.00", "computed": {"category_totals": {"LABORATORY": {"LAB PARTICIPATION": 5.0, "LAB HOMEWORK": 0.0, "LAB EXERCISE": 0.0}}, "weighted_totals": {"LABORATORY": {"LAB PARTICIPATION": 0.5, "LAB HOMEWORK": 0.0, "LAB EXERCISE": 0.0}}, "category_ratings": {"LABORATORY": 0.5}, "overall_percentage": 0.2, "final_grade": 37.62, "letter_grade": "5.00", "remarks": null}} |           2 | 2025-11-19 00:14:30 | 2025-11-19 00:14:30 | 2025-11-19 00:14:30 |
|  2 |        1 |           1 |         10 | 20240010          | Anderson, Olivia Lim    |        NULL | N/A        |               NULL | released | {"student_id": 10}                                                                                                                                                                                                                                                                                                                                                                                                                                                                |           2 | 2025-11-19 00:14:30 | 2025-11-19 00:19:06 | 2025-11-19 00:19:06 |
|  3 |        1 |           1 |         30 | 20240030          | Anderson, Sebastian Lim |        NULL | N/A        |               NULL | released | {"student_id": 30}                                                                                                                                                                                                                                                                                                                                                                                                                                                                |           2 | 2025-11-19 00:14:30 | 2025-11-19 00:23:06 | 2025-11-19 00:23:06 |
|  4 |        1 |           1 |         21 | 20240021          | Davis, Elijah Tan       |        NULL | N/A        |               NULL | released | {"student_id": 21}                                                                                                                                                                                                                                                                                                                                                                                                                                                                |           2 | 2025-11-19 00:14:30 | 2025-11-19 18:53:37 | 2025-11-19 18:53:37 |
+----+----------+-------------+------------+-------------------+-------------------------+-------------+------------+--------------------+----------+-----------------------------------------------------------------------------------------------------------------------------------------------------------------------------------------------------------------------------------------------------------------------------------------------------------------------------------------------------------------------------------------------------------------------------------------------------------------------------------+-------------+---------------------+---------------------+---------------------+
4 rows in set (0.000 sec)

MariaDB [e_class_record]> SELECT * FROM student_classes LIMIT 6;
+----+------------+----------+---------------------+
| id | student_id | class_id | joined_at           |
+----+------------+----------+---------------------+
|  1 |          1 |        1 | 2025-11-18 20:54:06 |
|  2 |          2 |        1 | 2025-11-18 20:54:06 |
|  3 |          3 |        1 | 2025-11-18 20:54:06 |
|  4 |          4 |        1 | 2025-11-18 20:54:06 |
|  5 |          5 |        1 | 2025-11-18 20:54:06 |
|  6 |          6 |        1 | 2025-11-18 20:54:06 |
+----+------------+----------+---------------------+
6 rows in set (0.000 sec)

MariaDB [e_class_record]> SELECT * FROM student_grades LIMIT 6;
Empty set (0.000 sec)

MariaDB [e_class_record]> SELECT * FROM student_scores LIMIT 6;
+----+---------------+------------+-------+---------------------+---------------------+
| id | assessment_id | student_id | score | created_at          | updated_at          |
+----+---------------+------------+-------+---------------------+---------------------+
|  1 |             3 |          2 |   100 | 2025-11-18 22:47:07 | 2025-11-18 22:47:07 |
|  2 |             3 |         11 |     5 | 2025-11-18 22:47:07 | 2025-11-18 22:47:07 |
|  3 |             3 |         19 |     1 | 2025-11-18 22:47:07 | 2025-11-18 22:47:07 |
+----+---------------+------------+-------+---------------------+---------------------+
3 rows in set (0.000 sec)

MariaDB [e_class_record]> SELECT * FROM students LIMIT 6;
+----+---------+------------------+--------+-------------+------------+---------+---------------+--------------+-----------------+---------------------+
| id | user_id | personal_info_id | course | track       | year_level | section | id_front_path | id_back_path | face_photo_path | created_at          |
+----+---------+------------------+--------+-------------+------------+---------+---------------+--------------+-----------------+---------------------+
|  1 |       4 |                3 | BSIT   | Programming |          2 | 1A      | NULL          | NULL         | NULL            | 2025-11-18 20:54:05 |
|  2 |       5 |                4 | BSIT   | Programming |          2 | 1A      | NULL          | NULL         | NULL            | 2025-11-18 20:54:05 |
|  3 |       6 |                5 | BSIT   | Programming |          2 | 1A      | NULL          | NULL         | NULL            | 2025-11-18 20:54:05 |
|  4 |       7 |                6 | BSIT   | Programming |          2 | 1A      | NULL          | NULL         | NULL            | 2025-11-18 20:54:05 |
|  5 |       8 |                7 | BSIT   | Programming |          2 | 1A      | NULL          | NULL         | NULL            | 2025-11-18 20:54:05 |
|  6 |       9 |                8 | BSIT   | Programming |          2 | 1A      | NULL          | NULL         | NULL            | 2025-11-18 20:54:05 |
+----+---------+------------------+--------+-------------+------------+---------+---------------+--------------+-----------------+---------------------+
6 rows in set (0.000 sec)

MariaDB [e_class_record]> SELECT * FROM users LIMIT 6;
+----+-----------+--------------------------------------------------------------------------------------------------------------------------------------------------------------------+------------+---------------------+
| id | school_id | password_hash                                                                                                                                                      | role       | created_at          |
+----+-----------+--------------------------------------------------------------------------------------------------------------------------------------------------------------------+------------+---------------------+
|  1 | admin001  | scrypt:32768:8:1$WOv7GyeczVCC9BB7$d30e4347fca06f7e94b4bd6eaa4658abb2cb0b1cad540d182e47e7860d0043594d5a57cde3e7a72272e27e92293c0496abe8db13c3c98183bbd1ed8a95001f60 | admin      | 2025-11-16 18:14:47 |
|  2 | INS-007   | scrypt:32768:8:1$oXcyRnRUy2Dnajmf$82e49aa5f24193394efc90e047f1a8b1c003681e7c2fc4e3b1af046c655305fbc7c36087edb6b2ddad6651f158bb6cba14f0e2e3cb7392f50f5920a75c046c82 | instructor | 2025-11-16 18:34:41 |
|  3 | INS-009   | scrypt:32768:8:1$7Wojs8o5W9phXcII$195509aa7eee0752e0f5dd372c2f1ba4bc16ef03dd01e03df51645e00c1bee1c0592b8c59f2f242dd944f342b9eb37e993f60515e7694b9a48fac6a3f50ea28f | instructor | 2025-11-16 18:37:27 |
|  4 | 20240001  | scrypt:32768:8:1$dummy$dummyhash123                                                                                                                                | student    | 2025-11-18 20:54:05 |
|  5 | 20240002  | scrypt:32768:8:1$dummy$dummyhash123                                                                                                                                | student    | 2025-11-18 20:54:05 |
|  6 | 20240003  | scrypt:32768:8:1$dummy$dummyhash123                                                                                                                                | student    | 2025-11-18 20:54:05 |
+----+-----------+--------------------------------------------------------------------------------------------------------------------------------------------------------------------+------------+---------------------+
6 rows in set (0.001 sec)

MariaDB [e_class_record]> DESCRIBE classes;
+---------------------+--------------+------+-----+---------------------+-------------------------------+
| Field               | Type         | Null | Key | Default             | Extra                         |
+---------------------+--------------+------+-----+---------------------+-------------------------------+
| id                  | int(11)      | NO   | PRI | NULL                | auto_increment                |
| instructor_id       | int(11)      | NO   | MUL | NULL                |                               |
| class_type          | varchar(10)  | YES  |     | NULL                |                               |
| year                | varchar(4)   | NO   | MUL | NULL                |                               |
| semester            | varchar(20)  | NO   | MUL | NULL                |                               |
| course              | varchar(10)  | NO   | MUL | NULL                |                               |
| subject             | varchar(100) | NO   |     | NULL                |                               |
| track               | varchar(50)  | NO   | MUL | NULL                |                               |
| section             | varchar(10)  | NO   | MUL | NULL                |                               |
| schedule            | varchar(50)  | NO   |     | NULL                |                               |
| class_code          | varchar(36)  | NO   | UNI | NULL                |                               |
| join_code           | varchar(6)   | NO   | UNI | NULL                |                               |
| grading_template_id | int(11)      | YES  |     | NULL                |                               |
| created_at          | datetime     | YES  |     | current_timestamp() |                               |
| updated_at          | datetime     | YES  |     | current_timestamp() | on update current_timestamp() |
+---------------------+--------------+------+-----+---------------------+-------------------------------+
15 rows in set (0.016 sec)

MariaDB [e_class_record]> DESCRIBE grade_assessments;
+----------------+--------------+------+-----+---------------------+----------------+
| Field          | Type         | Null | Key | Default             | Extra          |
+----------------+--------------+------+-----+---------------------+----------------+
| id             | int(11)      | NO   | PRI | NULL                | auto_increment |
| subcategory_id | int(11)      | NO   | MUL | NULL                |                |
| name           | varchar(100) | NO   | MUL | NULL                |                |
| weight         | float        | YES  |     | NULL                |                |
| max_score      | float        | NO   |     | NULL                |                |
| passing_score  | float        | YES  |     | NULL                |                |
| position       | int(11)      | NO   | MUL | NULL                |                |
| description    | text         | YES  |     | NULL                |                |
| created_at     | datetime     | YES  |     | current_timestamp() |                |
+----------------+--------------+------+-----+---------------------+----------------+
9 rows in set (0.005 sec)

MariaDB [e_class_record]> DESCRIBE grade_categories;
+--------------+--------------+------+-----+---------------------+----------------+
| Field        | Type         | Null | Key | Default             | Extra          |
+--------------+--------------+------+-----+---------------------+----------------+
| id           | int(11)      | NO   | PRI | NULL                | auto_increment |
| structure_id | int(11)      | NO   | MUL | NULL                |                |
| name         | varchar(100) | NO   | MUL | NULL                |                |
| weight       | float        | NO   |     | NULL                |                |
| position     | int(11)      | NO   | MUL | NULL                |                |
| description  | text         | YES  |     | NULL                |                |
| created_at   | datetime     | YES  |     | current_timestamp() |                |
+--------------+--------------+------+-----+---------------------+----------------+
7 rows in set (0.005 sec)

MariaDB [e_class_record]> DESCRIBE grade_snapshots;
+---------------+-----------------------+------+-----+---------------------+----------------+
| Field         | Type                  | Null | Key | Default             | Extra          |
+---------------+-----------------------+------+-----+---------------------+----------------+
| id            | int(11)               | NO   | PRI | NULL                | auto_increment |
| class_id      | int(11)               | NO   | MUL | NULL                |                |
| version       | int(11)               | NO   |     | NULL                |                |
| status        | enum('draft','final') | NO   |     | draft               |                |
| snapshot_json | longtext              | NO   |     | NULL                |                |
| created_by    | int(11)               | NO   |     | NULL                |                |
| created_at    | datetime              | YES  |     | current_timestamp() |                |
| released_at   | datetime              | YES  |     | NULL                |                |
+---------------+-----------------------+------+-----+---------------------+----------------+
8 rows in set (0.005 sec)

MariaDB [e_class_record]> DESCRIBE grade_structure_history;
+----------------+----------+------+-----+---------------------+----------------+
| Field          | Type     | Null | Key | Default             | Extra          |
+----------------+----------+------+-----+---------------------+----------------+
| id             | int(11)  | NO   | PRI | NULL                | auto_increment |
| structure_id   | int(11)  | NO   | MUL | NULL                |                |
| structure_json | text     | NO   |     | NULL                |                |
| version        | int(11)  | NO   | MUL | NULL                |                |
| changed_by     | int(11)  | NO   | MUL | NULL                |                |
| changed_at     | datetime | YES  | MUL | current_timestamp() |                |
+----------------+----------+------+-----+---------------------+----------------+
6 rows in set (0.005 sec)

MariaDB [e_class_record]> DESCRIBE grade_structures;
+----------------+--------------+------+-----+---------------------+-------------------------------+
| Field          | Type         | Null | Key | Default             | Extra                         |
+----------------+--------------+------+-----+---------------------+-------------------------------+
| id             | int(11)      | NO   | PRI | NULL                | auto_increment                |
| class_id       | int(11)      | NO   | MUL | NULL                |                               |
| structure_name | varchar(100) | NO   | MUL | NULL                |                               |
| structure_json | text         | NO   |     | NULL                |                               |
| created_by     | int(11)      | NO   | MUL | NULL                |                               |
| created_at     | datetime     | YES  |     | current_timestamp() |                               |
| updated_at     | datetime     | YES  |     | current_timestamp() | on update current_timestamp() |
| is_active      | tinyint(1)   | YES  | MUL | 1                   |                               |
| version        | int(11)      | NO   |     | 1                   |                               |
+----------------+--------------+------+-----+---------------------+-------------------------------+
9 rows in set (0.005 sec)

MariaDB [e_class_record]> DESCRIBE grade_subcategories;
+---------------+--------------+------+-----+---------------------+----------------+
| Field         | Type         | Null | Key | Default             | Extra          |
+---------------+--------------+------+-----+---------------------+----------------+
| id            | int(11)      | NO   | PRI | NULL                | auto_increment |
| category_id   | int(11)      | NO   | MUL | NULL                |                |
| name          | varchar(100) | NO   | MUL | NULL                |                |
| weight        | float        | YES  |     | NULL                |                |
| max_score     | float        | NO   |     | NULL                |                |
| passing_score | float        | YES  |     | NULL                |                |
| position      | int(11)      | NO   | MUL | NULL                |                |
| description   | text         | YES  |     | NULL                |                |
| created_at    | datetime     | YES  |     | current_timestamp() |                |
+---------------+--------------+------+-----+---------------------+----------------+
9 rows in set (0.005 sec)

MariaDB [e_class_record]> DESCRIBE instructors;
+------------------+--------------+------+-----+---------------------+-------------------------------+
| Field            | Type         | Null | Key | Default             | Extra                         |
+------------------+--------------+------+-----+---------------------+-------------------------------+
| id               | int(11)      | NO   | PRI | NULL                | auto_increment                |
| user_id          | int(11)      | NO   | MUL | NULL                |                               |
| personal_info_id | int(11)      | YES  | MUL | NULL                |                               |
| department       | varchar(100) | YES  | MUL | NULL                |                               |
| specialization   | varchar(100) | YES  |     | NULL                |                               |
| employee_id      | varchar(20)  | YES  | UNI | NULL                |                               |
| hire_date        | date         | YES  | MUL | NULL                |                               |
| status           | varchar(20)  | NO   | MUL | active              |                               |
| created_at       | datetime     | YES  |     | current_timestamp() |                               |
| updated_at       | datetime     | YES  |     | current_timestamp() | on update current_timestamp() |
+------------------+--------------+------+-----+---------------------+-------------------------------+
10 rows in set (0.005 sec)

MariaDB [e_class_record]> DESCRIBE personal_info;
+-------------------------+--------------+------+-----+---------------------+-------------------------------+
| Field                   | Type         | Null | Key | Default             | Extra                         |
+-------------------------+--------------+------+-----+---------------------+-------------------------------+
| id                      | int(11)      | NO   | PRI | NULL                | auto_increment                |
| first_name              | varchar(50)  | NO   | MUL | NULL                |                               |
| last_name               | varchar(50)  | NO   | MUL | NULL                |                               |
| middle_name             | varchar(50)  | YES  |     | NULL                |                               |
| email                   | varchar(100) | NO   | UNI | NULL                |                               |
| phone                   | varchar(20)  | YES  | MUL | NULL                |                               |
| address                 | varchar(255) | YES  |     | NULL                |                               |
| birth_date              | date         | YES  | MUL | NULL                |                               |
| gender                  | varchar(10)  | YES  | MUL | NULL                |                               |
| emergency_contact_name  | varchar(100) | YES  |     | NULL                |                               |
| emergency_contact_phone | varchar(20)  | YES  |     | NULL                |                               |
| created_at              | datetime     | YES  |     | current_timestamp() |                               |
| updated_at              | datetime     | YES  |     | current_timestamp() | on update current_timestamp() |
+-------------------------+--------------+------+-----+---------------------+-------------------------------+
13 rows in set (0.005 sec)

MariaDB [e_class_record]> DESCRIBE released_grades;
+--------------------+--------------+------+-----+---------------------+-------------------------------+
| Field              | Type         | Null | Key | Default             | Extra                         |
+--------------------+--------------+------+-----+---------------------+-------------------------------+
| id                 | int(11)      | NO   | PRI | NULL                | auto_increment                |
| class_id           | int(11)      | NO   | MUL | NULL                |                               |
| snapshot_id        | int(11)      | NO   | MUL | NULL                |                               |
| student_id         | int(11)      | NO   | MUL | NULL                |                               |
| student_school_id  | varchar(20)  | YES  |     | NULL                |                               |
| student_name       | varchar(255) | YES  |     | NULL                |                               |
| final_grade        | decimal(5,2) | YES  |     | NULL                |                               |
| equivalent         | varchar(10)  | YES  |     | NULL                |                               |
| overall_percentage | decimal(6,3) | YES  |     | NULL                |                               |
| status             | varchar(20)  | NO   | MUL | released            |                               |
| grade_payload      | longtext     | NO   |     | NULL                |                               |
| released_by        | int(11)      | YES  | MUL | NULL                |                               |
| released_at        | datetime     | NO   | MUL | current_timestamp() |                               |
| created_at         | datetime     | NO   |     | current_timestamp() |                               |
| updated_at         | datetime     | NO   |     | current_timestamp() | on update current_timestamp() |
+--------------------+--------------+------+-----+---------------------+-------------------------------+
15 rows in set (0.006 sec)

MariaDB [e_class_record]> DESCRIBE student_classes;
+------------+----------+------+-----+---------------------+----------------+
| Field      | Type     | Null | Key | Default             | Extra          |
+------------+----------+------+-----+---------------------+----------------+
| id         | int(11)  | NO   | PRI | NULL                | auto_increment |
| student_id | int(11)  | NO   | MUL | NULL                |                |
| class_id   | int(11)  | NO   | MUL | NULL                |                |
| joined_at  | datetime | YES  | MUL | current_timestamp() |                |
+------------+----------+------+-----+---------------------+----------------+
4 rows in set (0.005 sec)

MariaDB [e_class_record]> DESCRIBE student_grades;
+---------------+-------------+------+-----+---------------------+-------------------------------+
| Field         | Type        | Null | Key | Default             | Extra                         |
+---------------+-------------+------+-----+---------------------+-------------------------------+
| id            | int(11)     | NO   | PRI | NULL                | auto_increment                |
| student_id    | int(11)     | NO   | MUL | NULL                |                               |
| class_id      | int(11)     | NO   | MUL | NULL                |                               |
| assessment_id | int(11)     | NO   | MUL | NULL                |                               |
| score         | float       | YES  |     | NULL                |                               |
| percentage    | float       | YES  |     | NULL                |                               |
| letter_grade  | varchar(2)  | YES  | MUL | NULL                |                               |
| is_released   | tinyint(1)  | YES  | MUL | 0                   |                               |
| released_date | datetime    | YES  |     | NULL                |                               |
| remarks       | varchar(50) | YES  |     | NULL                |                               |
| graded_at     | datetime    | YES  | MUL | NULL                |                               |
| updated_at    | datetime    | YES  |     | current_timestamp() | on update current_timestamp() |
+---------------+-------------+------+-----+---------------------+-------------------------------+
12 rows in set (0.005 sec)

MariaDB [e_class_record]> DESCRIBE student_scores;
+---------------+----------+------+-----+---------------------+-------------------------------+
| Field         | Type     | Null | Key | Default             | Extra                         |
+---------------+----------+------+-----+---------------------+-------------------------------+
| id            | int(11)  | NO   | PRI | NULL                | auto_increment                |
| assessment_id | int(11)  | NO   | MUL | NULL                |                               |
| student_id    | int(11)  | NO   | MUL | NULL                |                               |
| score         | float    | NO   |     | NULL                |                               |
| created_at    | datetime | YES  |     | current_timestamp() |                               |
| updated_at    | datetime | YES  |     | current_timestamp() | on update current_timestamp() |
+---------------+----------+------+-----+---------------------+-------------------------------+
6 rows in set (0.005 sec)

MariaDB [e_class_record]> DESCRIBE students;
+------------------+--------------+------+-----+---------------------+----------------+
| Field            | Type         | Null | Key | Default             | Extra          |
+------------------+--------------+------+-----+---------------------+----------------+
| id               | int(11)      | NO   | PRI | NULL                | auto_increment |
| user_id          | int(11)      | NO   | MUL | NULL                |                |
| personal_info_id | int(11)      | YES  | MUL | NULL                |                |
| course           | varchar(10)  | NO   | MUL | NULL                |                |
| track            | varchar(50)  | YES  | MUL | NULL                |                |
| year_level       | int(11)      | NO   | MUL | NULL                |                |
| section          | varchar(10)  | NO   | MUL | NULL                |                |
| id_front_path    | varchar(255) | YES  |     | NULL                |                |
| id_back_path     | varchar(255) | YES  |     | NULL                |                |
| face_photo_path  | varchar(255) | YES  |     | NULL                |                |
| created_at       | datetime     | YES  |     | current_timestamp() |                |
+------------------+--------------+------+-----+---------------------+----------------+
11 rows in set (0.005 sec)

MariaDB [e_class_record]> DESCRIBE users;
+---------------+--------------+------+-----+---------------------+----------------+
| Field         | Type         | Null | Key | Default             | Extra          |
+---------------+--------------+------+-----+---------------------+----------------+
| id            | int(11)      | NO   | PRI | NULL                | auto_increment |
| school_id     | varchar(20)  | NO   | UNI | NULL                |                |
| password_hash | varchar(255) | NO   |     | NULL                |                |
| role          | varchar(20)  | NO   | MUL | NULL                |                |
| created_at    | datetime     | YES  | MUL | current_timestamp() |                |
+---------------+--------------+------+-----+---------------------+----------------+
5 rows in set (0.015 sec)

MariaDB [e_class_record]>